{
  "tileCount": 10,
  "squareSize": 0.3,
  "thickness": 0.5,
  "kaleidoSides": 3,
  "distortionAmp": 0.04,
  "distortionFreq": 0,
  "chromaOffset": 0.318,
  "chromaBlur": 0.03796487097603145,
  "glowStrength": 0.61,
  "glowSteps": 20,
  "speed": 0.63,
  "spiralStrength": 0.04,
  "spiralSpeed": 0.09,
  "spiralMode": 0.9075485399715417,
  "strength": 0.002832971595769957,
  "chunkSize": 8,
  "glitchSpeed": 3,
  "chance": 0.3695804996608347
}